{
  "model_arch": "unet",
  "model_timestamp": "20251119-192024",
  "split": "Val",
  "primary_threshold": 0.5,
  "swept": true,
  "best_threshold_by_dice": 0.98,
  "num_cases": 172,
  "num_skipped": 0,
  "skipped_ids": [],
  "metric_type": "volumetric_per_case_mean",
  "per_axis": {
    "axial": {
      "dice": 0.8860166295314414,
      "iou": 0.7992186643373921,
      "precision": 0.8054009281678316,
      "recall": 0.9896463064062911
    },
    "coronal": {
      "dice": 0.9030732866316729,
      "iou": 0.8269668754360732,
      "precision": 0.835974830823995,
      "recall": 0.9860864494086518
    },
    "sagittal": {
      "dice": 0.8845410326744029,
      "iou": 0.797132656978755,
      "precision": 0.8044483487556341,
      "recall": 0.9872467659843999
    }
  },
  "ensemble_by_threshold": {
    "0.90": {
      "dice": 0.9362686056968449,
      "iou": 0.8839116513242917,
      "precision": 0.9082187599900385,
      "recall": 0.9706641614299599
    },
    "0.92": {
      "dice": 0.9385365965315083,
      "iou": 0.8880925746632646,
      "precision": 0.9142187342688648,
      "recall": 0.96873861624085
    },
    "0.94": {
      "dice": 0.9412638713346799,
      "iou": 0.8931481127647273,
      "precision": 0.9220369131493192,
      "recall": 0.9658200547338944
    },
    "0.95": {
      "dice": 0.9427908832797298,
      "iou": 0.8960126536651021,
      "precision": 0.9270693686115933,
      "recall": 0.9635759766881326
    },
    "0.96": {
      "dice": 0.9443697512020308,
      "iou": 0.899037900492052,
      "precision": 0.9332690905488388,
      "recall": 0.9602692868331202
    },
    "0.97": {
      "dice": 0.945778905892099,
      "iou": 0.9019018408859453,
      "precision": 0.9413020852835712,
      "recall": 0.9549251060979963
    },
    "0.98": {
      "dice": 0.9461531046692578,
      "iou": 0.9031003951645779,
      "precision": 0.9522747067635986,
      "recall": 0.9448888494980823
    },
    "0.99": {
      "dice": 0.9406368016133346,
      "iou": 0.8942953284313445,
      "precision": 0.9692990279511725,
      "recall": 0.919228366149302
    }
  }
}