{
  "model_arch": "unet",
  "model_timestamp": "20251119-192024",
  "split": "Val",
  "primary_threshold": 0.5,
  "swept": true,
  "best_threshold_by_dice": 0.9,
  "num_cases": 172,
  "num_skipped": 0,
  "skipped_ids": [],
  "metric_type": "volumetric_per_case_mean",
  "per_axis": {
    "axial": {
      "dice": 0.8860166295314414,
      "iou": 0.7992186643373921,
      "precision": 0.8054009281678316,
      "recall": 0.9896463064062911
    },
    "coronal": {
      "dice": 0.9030732866316729,
      "iou": 0.8269668754360732,
      "precision": 0.835974830823995,
      "recall": 0.9860864494086518
    },
    "sagittal": {
      "dice": 0.8845410326744029,
      "iou": 0.797132656978755,
      "precision": 0.8044483487556341,
      "recall": 0.9872467659843999
    }
  },
  "ensemble_by_threshold": {
    "0.70": {
      "dice": 0.9210156348407758,
      "iou": 0.8567259699922856,
      "precision": 0.873377015442179,
      "recall": 0.9786780557938969
    },
    "0.75": {
      "dice": 0.9244159969466194,
      "iou": 0.862717633023722,
      "precision": 0.8809912243697474,
      "recall": 0.9769434848146363
    },
    "0.80": {
      "dice": 0.9278317565359434,
      "iou": 0.8687524184325818,
      "precision": 0.8885101742982795,
      "recall": 0.9754017532918422
    },
    "0.85": {
      "dice": 0.9316144985076092,
      "iou": 0.8754884069493839,
      "precision": 0.8970155446186745,
      "recall": 0.9735922270078298
    },
    "0.90": {
      "dice": 0.9362686056968449,
      "iou": 0.8839116513242917,
      "precision": 0.9082187599900385,
      "recall": 0.9706641614299599
    }
  }
}