{
  "model_arch": "nestedunet",
  "model_timestamp": "20251208-000646",
  "split": "Val",
  "primary_threshold": 0.5,
  "swept": true,
  "best_threshold_by_dice": 0.7,
  "num_cases": 172,
  "num_skipped": 0,
  "skipped_ids": [],
  "metric_type": "volumetric_per_case_mean",
  "per_axis": {
    "axial": {
      "dice": 0.8905496652796258,
      "iou": 0.8068037210779891,
      "precision": 0.8137375614401908,
      "recall": 0.9879229473184123
    },
    "coronal": {
      "dice": 0.8986781704686588,
      "iou": 0.8201412926302359,
      "precision": 0.8272296210349449,
      "recall": 0.98819163811144
    },
    "sagittal": {
      "dice": 0.8765984346990733,
      "iou": 0.7852671469394679,
      "precision": 0.7909742523943559,
      "recall": 0.9894975214387609
    }
  },
  "ensemble_by_threshold": {
    "0.40": {
      "dice": 0.8889617892814115,
      "iou": 0.8037582984110959,
      "precision": 0.8079367209584485,
      "recall": 0.9927733415170359
    },
    "0.45": {
      "dice": 0.8936243374244789,
      "iou": 0.8112028888041319,
      "precision": 0.8158559600059787,
      "recall": 0.9921736087181415
    },
    "0.50": {
      "dice": 0.8980932531539214,
      "iou": 0.8184045062550414,
      "precision": 0.8235244781095626,
      "recall": 0.9916013511506241
    },
    "0.55": {
      "dice": 0.9028509790106244,
      "iou": 0.826139462466447,
      "precision": 0.8318343354408654,
      "recall": 0.9909086835354807
    },
    "0.60": {
      "dice": 0.9084553294343102,
      "iou": 0.83532723717741,
      "precision": 0.8418729016069497,
      "recall": 0.9899126382274172
    },
    "0.65": {
      "dice": 0.9160424151131236,
      "iou": 0.8479410946628289,
      "precision": 0.8565977228314824,
      "recall": 0.9875255118839821
    },
    "0.70": {
      "dice": 0.9196820752922299,
      "iou": 0.8547060413150013,
      "precision": 0.8698708596464501,
      "recall": 0.9797924937708015
    }
  }
}