{
  "model_arch": "segformer",
  "model_timestamp": "20260602-224727",
  "split": "Val",
  "primary_threshold": 0.5,
  "swept": true,
  "best_threshold_by_dice": 0.65,
  "num_cases": 172,
  "num_skipped": 0,
  "skipped_ids": [],
  "metric_type": "volumetric_per_case_mean",
  "per_axis": {
    "axial": {
      "dice": 0.85018546759398,
      "iou": 0.7448767198217837,
      "precision": 0.7747689827559748,
      "recall": 0.9524278350088063
    },
    "coronal": {
      "dice": 0.8480072219944192,
      "iou": 0.7419348612713533,
      "precision": 0.7766473087125567,
      "recall": 0.9456931949928503
    },
    "sagittal": {
      "dice": 0.8432037383048844,
      "iou": 0.7353574165365788,
      "precision": 0.7682682350117669,
      "recall": 0.9463892480698554
    }
  },
  "ensemble_by_threshold": {
    "0.40": {
      "dice": 0.8546102924779115,
      "iou": 0.7509253076401711,
      "precision": 0.7715198034810549,
      "recall": 0.9682642021346475
    },
    "0.45": {
      "dice": 0.860930998700991,
      "iou": 0.7605601501155322,
      "precision": 0.7841323904232894,
      "recall": 0.9647109964458022
    },
    "0.50": {
      "dice": 0.8667571089178399,
      "iou": 0.769563881702653,
      "precision": 0.796223422585906,
      "recall": 0.9611166453114177
    },
    "0.55": {
      "dice": 0.8725774668067932,
      "iou": 0.7786661723707459,
      "precision": 0.8089087512177282,
      "recall": 0.9571191824902378
    },
    "0.60": {
      "dice": 0.8785496789627399,
      "iou": 0.7881767299981277,
      "precision": 0.8231836934949845,
      "recall": 0.9518915749290365
    },
    "0.65": {
      "dice": 0.8848631456959096,
      "iou": 0.7985228039623303,
      "precision": 0.8421557422172031,
      "recall": 0.942608025062737
    },
    "0.70": {
      "dice": 0.88251568251047,
      "iou": 0.7962068398126049,
      "precision": 0.8621546073091958,
      "recall": 0.9168852206990187
    }
  }
}