{
  "model_arch": "nestedunet",
  "model_timestamp": "20251208-000646",
  "split": "Val",
  "primary_threshold": 0.5,
  "swept": true,
  "best_threshold_by_dice": 0.98,
  "num_cases": 172,
  "num_skipped": 0,
  "skipped_ids": [],
  "metric_type": "volumetric_per_case_mean",
  "per_axis": {
    "axial": {
      "dice": 0.8905496652796258,
      "iou": 0.8068037210779891,
      "precision": 0.8137375614401908,
      "recall": 0.9879229473184123
    },
    "coronal": {
      "dice": 0.8986781704686588,
      "iou": 0.8201412926302359,
      "precision": 0.8272296210349449,
      "recall": 0.98819163811144
    },
    "sagittal": {
      "dice": 0.8765984346990733,
      "iou": 0.7852671469394679,
      "precision": 0.7909742523943559,
      "recall": 0.9894975214387609
    }
  },
  "ensemble_by_threshold": {
    "0.90": {
      "dice": 0.9356545024989497,
      "iou": 0.8829461087137703,
      "precision": 0.905219415829621,
      "recall": 0.9722843296198114
    },
    "0.92": {
      "dice": 0.9382083177170151,
      "iou": 0.8875683215849086,
      "precision": 0.9115825119848693,
      "recall": 0.9704579882081427
    },
    "0.94": {
      "dice": 0.9412708285926975,
      "iou": 0.8931545768992336,
      "precision": 0.9198955213423095,
      "recall": 0.9676198841477082
    },
    "0.95": {
      "dice": 0.9430124537470879,
      "iou": 0.896385422943223,
      "precision": 0.925254991479367,
      "recall": 0.965380034704525
    },
    "0.96": {
      "dice": 0.9448350384451731,
      "iou": 0.8998265562753868,
      "precision": 0.931796517530659,
      "recall": 0.9621181653667791
    },
    "0.97": {
      "dice": 0.9465435566015807,
      "iou": 0.9031619242603481,
      "precision": 0.9402666246485584,
      "recall": 0.9567840003822634
    },
    "0.98": {
      "dice": 0.9474077241701807,
      "iou": 0.905071783258158,
      "precision": 0.9518582679187828,
      "recall": 0.9469243629860585
    },
    "0.99": {
      "dice": 0.9424835078457959,
      "iou": 0.8970889821880648,
      "precision": 0.9690894261015899,
      "recall": 0.921697890676102
    }
  }
}