{
  "model_arch": "unet",
  "model_timestamp": "20251119-192024",
  "split": "Val",
  "primary_threshold": 0.5,
  "swept": true,
  "best_threshold_by_dice": 0.7,
  "num_cases": 172,
  "num_skipped": 0,
  "skipped_ids": [],
  "metric_type": "volumetric_per_case_mean",
  "per_axis": {
    "axial": {
      "dice": 0.8860166295314414,
      "iou": 0.7992186643373921,
      "precision": 0.8054009281678316,
      "recall": 0.9896463064062911
    },
    "coronal": {
      "dice": 0.9030732866316729,
      "iou": 0.8269668754360732,
      "precision": 0.835974830823995,
      "recall": 0.9860864494086518
    },
    "sagittal": {
      "dice": 0.8845410326744029,
      "iou": 0.797132656978755,
      "precision": 0.8044483487556341,
      "recall": 0.9872467659843999
    }
  },
  "ensemble_by_threshold": {
    "0.40": {
      "dice": 0.8915380864409139,
      "iou": 0.8075090612933756,
      "precision": 0.8122824196908245,
      "recall": 0.992265482481978
    },
    "0.45": {
      "dice": 0.8961081859894064,
      "iou": 0.8148687269877049,
      "precision": 0.8201749838011063,
      "recall": 0.9916087229806568
    },
    "0.50": {
      "dice": 0.9004384615713246,
      "iou": 0.8219173714648383,
      "precision": 0.8277714658963509,
      "recall": 0.9909209410064235
    },
    "0.55": {
      "dice": 0.905054123476516,
      "iou": 0.8294749042746927,
      "precision": 0.8359731954007497,
      "recall": 0.9901663461634197
    },
    "0.60": {
      "dice": 0.9104309805531154,
      "iou": 0.8383623185601571,
      "precision": 0.8457780224031121,
      "recall": 0.9891148138966668
    },
    "0.65": {
      "dice": 0.9176015092070999,
      "iou": 0.8503715059531183,
      "precision": 0.8600023038111823,
      "recall": 0.9866445426569156
    },
    "0.70": {
      "dice": 0.9210156348407758,
      "iou": 0.8567259699922856,
      "precision": 0.873377015442179,
      "recall": 0.9786780557938969
    }
  }
}