{
  "model_arch": "deeplabv3",
  "model_timestamp": "20260325-233409",
  "split": "Val",
  "primary_threshold": 0.5,
  "swept": true,
  "best_threshold_by_dice": 0.9,
  "num_cases": 172,
  "num_skipped": 0,
  "skipped_ids": [],
  "metric_type": "volumetric_per_case_mean",
  "per_axis": {
    "axial": {
      "dice": 0.8587956992881898,
      "iou": 0.7565101115925041,
      "precision": 0.7623477150772063,
      "recall": 0.9889974101261713
    },
    "coronal": {
      "dice": 0.8558416731398377,
      "iou": 0.7527588735277279,
      "precision": 0.7583150885767965,
      "recall": 0.9881608755566906
    },
    "sagittal": {
      "dice": 0.8612446516853556,
      "iou": 0.7604639208414465,
      "precision": 0.7673503053710327,
      "recall": 0.9866436008102187
    }
  },
  "ensemble_by_threshold": {
    "0.70": {
      "dice": 0.9033789556973784,
      "iou": 0.8264914087498741,
      "precision": 0.8407650082703898,
      "recall": 0.9797982047180349
    },
    "0.75": {
      "dice": 0.9090051301541435,
      "iou": 0.8360940821217059,
      "precision": 0.8524414671120092,
      "recall": 0.9773210948235848
    },
    "0.80": {
      "dice": 0.9146437277060184,
      "iou": 0.8457921278986439,
      "precision": 0.8641767391227648,
      "recall": 0.975102184748474
    },
    "0.85": {
      "dice": 0.9207048308515323,
      "iou": 0.8564323827929967,
      "precision": 0.8773160247753202,
      "recall": 0.9723845343441876
    },
    "0.90": {
      "dice": 0.9276792634580674,
      "iou": 0.8689643947327267,
      "precision": 0.8939132061204287,
      "recall": 0.9679541075786591
    }
  }
}