{
  "model_arch": "nestedunet",
  "model_timestamp": "20251208-000646",
  "split": "Test",
  "primary_threshold": 0.5,
  "swept": true,
  "best_threshold_by_dice": 0.98,
  "num_cases": 172,
  "num_skipped": 0,
  "skipped_ids": [],
  "metric_type": "volumetric_per_case_mean",
  "per_axis": {
    "axial": {
      "dice": 0.8865036669734819,
      "iou": 0.8024860018893997,
      "precision": 0.809569341733302,
      "recall": 0.9863927783120797
    },
    "coronal": {
      "dice": 0.8976462998177438,
      "iou": 0.819510216462898,
      "precision": 0.8299968719424727,
      "recall": 0.9873037892387717
    },
    "sagittal": {
      "dice": 0.8772975280212301,
      "iou": 0.7855461158393017,
      "precision": 0.7947360193517695,
      "recall": 0.9880855293018069
    }
  },
  "ensemble_by_threshold": {
    "0.50": {
      "dice": 0.8947875541853156,
      "iou": 0.814929952345723,
      "precision": 0.8241848619962826,
      "recall": 0.9888944912723725
    },
    "0.98": {
      "dice": 0.9485732696223516,
      "iou": 0.9087195090379648,
      "precision": 0.9535301746993021,
      "recall": 0.9516126118528079
    }
  }
}