{
  "model_arch": "nestedunet",
  "model_timestamp": "20251208-000646",
  "split": "Val",
  "primary_threshold": 0.5,
  "swept": true,
  "best_threshold_by_dice": 0.9,
  "num_cases": 172,
  "num_skipped": 0,
  "skipped_ids": [],
  "metric_type": "volumetric_per_case_mean",
  "per_axis": {
    "axial": {
      "dice": 0.8905496652796258,
      "iou": 0.8068037210779891,
      "precision": 0.8137375614401908,
      "recall": 0.9879229473184123
    },
    "coronal": {
      "dice": 0.8986781704686588,
      "iou": 0.8201412926302359,
      "precision": 0.8272296210349449,
      "recall": 0.98819163811144
    },
    "sagittal": {
      "dice": 0.8765984346990733,
      "iou": 0.7852671469394679,
      "precision": 0.7909742523943559,
      "recall": 0.9894975214387609
    }
  },
  "ensemble_by_threshold": {
    "0.70": {
      "dice": 0.9196820752922299,
      "iou": 0.8547060413150013,
      "precision": 0.8698708596464501,
      "recall": 0.9797924937708015
    },
    "0.75": {
      "dice": 0.9232209412678795,
      "iou": 0.8608834826452731,
      "precision": 0.8775464966221093,
      "recall": 0.9781969859518758
    },
    "0.80": {
      "dice": 0.9267141178698245,
      "iou": 0.8670512786591791,
      "precision": 0.8850966711067403,
      "recall": 0.9766950343622708
    },
    "0.85": {
      "dice": 0.9306666962763707,
      "iou": 0.8740302453800829,
      "precision": 0.8937277058041382,
      "recall": 0.9749815788803876
    },
    "0.90": {
      "dice": 0.9356545024989497,
      "iou": 0.8829461087137703,
      "precision": 0.905219415829621,
      "recall": 0.9722843296198114
    }
  }
}