{
  "model_arch": "deeplabv3",
  "model_timestamp": "20260325-233409",
  "split": "Val",
  "primary_threshold": 0.5,
  "swept": true,
  "best_threshold_by_dice": 0.96,
  "num_cases": 172,
  "num_skipped": 0,
  "skipped_ids": [],
  "metric_type": "volumetric_per_case_mean",
  "per_axis": {
    "axial": {
      "dice": 0.8587956992881898,
      "iou": 0.7565101115925041,
      "precision": 0.7623477150772063,
      "recall": 0.9889974101261713
    },
    "coronal": {
      "dice": 0.8558416731398377,
      "iou": 0.7527588735277279,
      "precision": 0.7583150885767965,
      "recall": 0.9881608755566906
    },
    "sagittal": {
      "dice": 0.8612446516853556,
      "iou": 0.7604639208414465,
      "precision": 0.7673503053710327,
      "recall": 0.9866436008102187
    }
  },
  "ensemble_by_threshold": {
    "0.90": {
      "dice": 0.9276792634580674,
      "iou": 0.8689643947327267,
      "precision": 0.8939132061204287,
      "recall": 0.9679541075786591
    },
    "0.92": {
      "dice": 0.9307183711526094,
      "iou": 0.8745865523084426,
      "precision": 0.9023679407734708,
      "recall": 0.9648424836741314
    },
    "0.94": {
      "dice": 0.9337076041414506,
      "iou": 0.8802648572868009,
      "precision": 0.9126168284752056,
      "recall": 0.9598656946464729
    },
    "0.95": {
      "dice": 0.9349117324965628,
      "iou": 0.8827261435524608,
      "precision": 0.9186809039776829,
      "recall": 0.9559049706031044
    },
    "0.96": {
      "dice": 0.9357673983123566,
      "iou": 0.8846155016304754,
      "precision": 0.9258138406153607,
      "recall": 0.9502498183345776
    },
    "0.97": {
      "dice": 0.9356532199744312,
      "iou": 0.8848891407878003,
      "precision": 0.9343861821376667,
      "recall": 0.9414591373772255
    },
    "0.98": {
      "dice": 0.9330506773994182,
      "iou": 0.8810934509726721,
      "precision": 0.9451275669809571,
      "recall": 0.9262525602870949
    },
    "0.99": {
      "dice": 0.9219768268693919,
      "iou": 0.8632736916544383,
      "precision": 0.9601123927444623,
      "recall": 0.8927174973424655
    }
  }
}