{
  "model_arch": "deeplabv3",
  "model_timestamp": "20260325-233409",
  "split": "Val",
  "primary_threshold": 0.5,
  "swept": true,
  "best_threshold_by_dice": 0.7,
  "num_cases": 172,
  "num_skipped": 0,
  "skipped_ids": [],
  "metric_type": "volumetric_per_case_mean",
  "per_axis": {
    "axial": {
      "dice": 0.8587956992881898,
      "iou": 0.7565101115925041,
      "precision": 0.7623477150772063,
      "recall": 0.9889974101261713
    },
    "coronal": {
      "dice": 0.8558416731398377,
      "iou": 0.7527588735277279,
      "precision": 0.7583150885767965,
      "recall": 0.9881608755566906
    },
    "sagittal": {
      "dice": 0.8612446516853556,
      "iou": 0.7604639208414465,
      "precision": 0.7673503053710327,
      "recall": 0.9866436008102187
    }
  },
  "ensemble_by_threshold": {
    "0.40": {
      "dice": 0.8527089951563466,
      "iou": 0.7468852975806669,
      "precision": 0.7504406562325829,
      "recall": 0.9930949359489966
    },
    "0.45": {
      "dice": 0.8599406854070112,
      "iou": 0.7577336148816753,
      "precision": 0.7618966682554122,
      "recall": 0.9922435739687319
    },
    "0.50": {
      "dice": 0.8670812450752894,
      "iou": 0.7686039327741501,
      "precision": 0.7734273259443408,
      "recall": 0.9913432563871317
    },
    "0.55": {
      "dice": 0.8746273767547038,
      "iou": 0.7802297814352038,
      "precision": 0.7858774974243463,
      "recall": 0.9902590703685178
    },
    "0.60": {
      "dice": 0.8832131011663891,
      "iou": 0.7936465551739222,
      "precision": 0.8004746107645464,
      "recall": 0.9887613950615743
    },
    "0.65": {
      "dice": 0.89407922394722,
      "iou": 0.8109795617751099,
      "precision": 0.8201062545587552,
      "recall": 0.9859711787629756
    },
    "0.70": {
      "dice": 0.9033789556973784,
      "iou": 0.8264914087498741,
      "precision": 0.8407650082703898,
      "recall": 0.9797982047180349
    }
  }
}