{
  "model_timestamp": "20260602-224727",
  "inference_timestamp": "20260603-201112",
  "device": "cuda",
  "results_by_orientation": {
    "axial": {
      "iou": 0.766332745552063,
      "precision": 0.7928752303123474,
      "recall": 0.9581447243690491,
      "f1": 0.867710530757904
    },
    "coronal": {
      "iou": 0.7648460865020752,
      "precision": 0.7943867444992065,
      "recall": 0.9536344408988953,
      "f1": 0.8667567372322083
    },
    "sagittal": {
      "iou": 0.7594765424728394,
      "precision": 0.7886295914649963,
      "recall": 0.9535852074623108,
      "f1": 0.8632982969284058
    }
  },
  "average_metrics": {
    "iou": 0.7635517915089926,
    "precision": 0.7919638554255167,
    "recall": 0.9551214575767517,
    "f1": 0.8659218549728394
  }
}