{
  "model_timestamp": "20251119-192024",
  "inference_timestamp": "20251123-193844",
  "device": "cuda",
  "results_by_orientation": {
    "axial": {
      "iou": 0.7869795560836792,
      "precision": 0.8212975263595581,
      "recall": 0.9495814442634583,
      "f1": 0.8807929754257202
    },
    "coronal": {
      "iou": 0.8093956112861633,
      "precision": 0.8484625816345215,
      "recall": 0.9461745619773865,
      "f1": 0.8946585655212402
    },
    "sagittal": {
      "iou": 0.7874540090560913,
      "precision": 0.8261147141456604,
      "recall": 0.943903923034668,
      "f1": 0.8810901045799255
    }
  },
  "average_metrics": {
    "iou": 0.7946097254753113,
    "precision": 0.83195827404658,
    "recall": 0.9465533097585043,
    "f1": 0.8855138818422953
  }
}